claim_wording_dutch,article_section,value,unit,source_output,row_or_configuration,classification,approved_wording,prohibited_wording,source_sha_or_ref
"mediane totale verandering ongeveer €592 per jaar",Kort antwoord / Resultaten,592,EUR/jaar,corrected_headline_metrics.json,"12.6kWh PER_KWH_0.10 n=25 median of D-A","ENGINE RESULT (median total change, NOT a value)","'mediane totale verandering ~€592'","'batterijwaarde is €592'; '€592 = €405 + €202'",body_sha=72e48f32
"mediane batterijwaarde na 2027 ongeveer €499 per jaar",FAQ Q1,499,EUR/jaar,policy_fee_2x2_matrix.csv,"12.6kWh PER_KWH_0.10 n=25 median of D","ENGINE RESULT (post-2027 battery VALUE)","'mediane batterijwaarde na 2027 ~€499'","'€499 = verandering'",body_sha=72e48f32
"mediane zuivere beleidscomponent ongeveer €405",Kort antwoord / Zuiver effect / FAQ,405,EUR/jaar,corrected_headline_metrics.json,"12.6kWh NONE n=25 median of policy (C-A)","ENGINE RESULT (median policy component)","'mediane beleidscomponent ~€405 (€172–€760)'","'einde salderen levert €592'",body_sha=72e48f32
"mediane waarde vermeden terugleverkosten ongeveer €202",Vermeden terugleverkosten / FAQ,202,EUR/jaar,corrected_headline_metrics.json,"12.6kWh PER_KWH_0.10 n=25 median of fee","ENGINE RESULT + SCENARIO FEE (12.6kWh)","'mediaan ~€202 bij €0,10/kWh, 12,6 kWh'","'€196'(all-battery scope); 'terugleverkosten verdwijnen'",body_sha=72e48f32
"afzonderlijke medianen mogen niet worden opgeteld",Kort antwoord / Vermeden / FAQ Q3 / Conclusie,NA,NA,corrected_headline_metrics.json + calc,"median(sum)=592 != median(policy)405 + median(fee)202 = 607","DERIVED (statistics)","'afzonderlijke verdelingsmedianen; niet rechtstreeks optellen'","'totaal bestaat uit €405 + €202'",verified 607.18!=591.85
"representatief scenario: €389,79 + €202,06 + €0 = €591,85",Voorbeeldberekening,591.85,EUR/jaar,policy_fee_decomposition.csv + policy_fee_2x2_matrix.csv,"profile C3500_R2.00 12.6kWh PER_KWH_0.10 (nearest median total)","ENGINE RESULT (additive within €0.01)","'voor dit scenario tellen ze exact op'","'decompositie van de medianen'; 'landelijk gemiddelde'",additive_check=591.85
"batterijwaarde vóór 2027 mediaan −€117",Waarom zelfconsumptie / Zuiver effect,-117,EUR/jaar,policy_fee_2x2_matrix.csv,"12.6kWh NONE n=25 median of A","ENGINE RESULT","'mediaan −€117 (−€231…−€57), 12,6 kWh'","'iedere batterij −€117'",body_sha=72e48f32
"batterijwaarde ná 2027 (geen saldering) mediaan €297",Waarom zelfconsumptie / Zuiver effect,297,EUR/jaar,policy_fee_2x2_matrix.csv,"12.6kWh NONE n=25 median of C","ENGINE RESULT","'mediaan €297 (€97…€588), zonder terugleverkosten'","'gegarandeerd €297'",body_sha=72e48f32
"per-kWh 0,05/0,10/0,15 vermeden €101/€202/€303",Kostenstructuur telt,101;202;303,EUR/jaar,policy_fee_decomposition.csv,"12.6kWh per structure n=25 median","ENGINE RESULT (12.6kWh)","'mediaan 12,6 kWh-referentiebatterij'","'iedereen bespaart dit'",body_sha=72e48f32
"vast bedrag per maand vermeden €0",Kostenstructuur telt / FAQ,0,EUR/jaar,fee_structure_summary.csv,"FIXED_MONTHLY","ENGINE RESULT","'een batterij vermijdt een vast bedrag niet'","'batterij haalt alle terugleverkosten weg'",body_sha=72e48f32
"batterijgrootte mediaan beleidseffect €391→€407",Batterijcapaciteit,391;404;405;407,EUR/jaar,battery_policy_summary.csv,"pure_policy_median_eur per battery","ENGINE RESULT","'mediaan vlakt af boven ~10 kWh'","'grotere batterij = evenredig meer'",body_sha=72e48f32
"totaal extra door 2027 min €248 max €1.145",Resultaten,248;1145,EUR/jaar,corrected_headline_metrics.json,"12.6kWh PER_KWH_0.10 n=25 min/max total","ENGINE RESULT","'spreiding €248…€1.145 over scenario's'","'landelijk gemiddelde'",body_sha=72e48f32
"reserve 10% mediaan €0,6 (65% ≤€5), max €62,6; 50% mediaan €65,2 max €379,1",Onbalanshandel minder,0.6;65.2;379.1,EUR/jaar,reserve_summary.csv,"reserve_fraction 0.1 / 0.5","DERIVED RESULT (SCENARIO STUDY)","'de meesten weinig, minderheid veel; geen universeel reservecijfer'","'reserveren kost €X voor iedereen'",body_sha=72e48f32
"onbalans break-even 42%/21%/14%/10% bij €300/600/900/1.200; ≈€126",Onbalanshandel minder,42;21;14;10;126,percent;EUR,imbalance_break_even.csv,"break_even_market_factor + break_even_gross","SCENARIO OVERLAY — niet fysiek gesimuleerd","'bereik afhankelijk van bruto-referentie; geen universele 25%'","'universele 25% break-even'; 'gesimuleerde onbalansopbrengst'",body_sha=72e48f32
"prijzen inkoop €0,30 / teruglevering €0,075 (aanname)",Waarom zelfconsumptie / Beperkingen,0.30;0.075,EUR/kWh,run_manifest.json,"import_price / export_compensation","MODEL ASSUMPTION","'in onze simulatie €0,30/€0,075'","'actuele markttarieven'",body_sha=72e48f32
"saldering stopt 1 januari 2027; ≥50% kale leveringstarief tot 2030",Wat verandert er in 2027,NA,NA,Rijksoverheid,salderingsregeling (verbatim),"LEGAL FACT","'stopt 1 januari 2027; minimaal 50% tot 2030'","'gegarandeerd retailtarief; exacte netto-vergoeding'",Rijksoverheid 2026-08-03
"ACM: onderzochte terugleverkosten niet verboden/onredelijk; per-kWh modelcontract vanaf 1-1-2026",Wat verandert er in 2027,NA,NA,ACM (acm.nl primary),"8 mei 2024 + 17 dec 2025","LEGAL FACT","'onderzochte tarieven niet verboden/onredelijk; per-kWh modelcontract vanaf 2026'","'elk (toekomstig) tarief automatisch toegestaan'",acm.nl 2026-08-03
"€592 is de zelfconsumptie-verandering, NIET de totale batterijopbrengst",Kort antwoord / Resultaten / FAQ,592,EUR/jaar,study scope,"self-consumption only; trading excluded","SCOPE (reframe)","'€592 is de zelfconsumptiewaarde-verandering; handel kan er netto bovenop komen'","'€592 = volledige/totale batterijopbrengst'",body_sha=7e4fb1b4
"Handel = optionele aanvullende netto waardestroom",Twee waardestromen / Hoe kan handel,NA,NA,value framework,"TOTAL=A+B; optimal=A+max(0,B)","FRAMING (reframe)","'handel kan netto waarde toevoegen; EMS handelt alleen bij positieve incrementele waarde'","'handel is een onzekere bonus, geen basis'; 'handel levert altijd geld op'",body_sha=7e4fb1b4
"Meer batterijen bepalen niet automatisch lagere handelsopbrengst",Meer thuisbatterijen,NA,NA,demand-vs-supply reasoning,"flex demand vs flex supply","FRAMING (reframe)","'de verhouding vraag/aanbod bepaalt de opbrengst, niet het aantal batterijen'","'meer batterijen ⇒ minder opbrengst'; 'verzadiging is onvermijdelijk'",body_sha=7e4fb1b4
"Engine simuleert geen handel/onbalans/marktomvang",Wat weten we nog niet / Beperkingen,NA,NA,engine limitation,"no causal imbalance controller","LIMITATION","'handelsopbrengst niet gesimuleerd; €300–€1.200 zijn externe referentiescenario's'","'engine voorspelt onbalansopbrengst'; 'handelsopbrengst daalt/stijgt zeker'",body_sha=7e4fb1b4
